"../Data/Cs137 channel 0, 1000 events, cuts False"
L [ch],S[ch],T (trigger) [us],baseline,pulse height [bits]
822.0000000001746,0.7764598540144734,748.648,15576.45,103.45000000000073
5144.39999999979,0.7472834538527559,1297.304,15576.585,648.5849999999991
1730.199999999808,0.7569067159866544,1323.752,15575.88,193.8799999999992
982.6000000001222,0.7642224709952468,2094.504,15576.065,138.0650000000005
1137.1999999998952,0.7727092859655833,2247.2400000000002,15575.105,151.10499999999956
1714.5999999999476,0.7825002916132224,3054.84,15576.615,204.61499999999978
2428.399999999965,0.811830835117782,3310.792,15576.41,348.40999999999985
3629.3999999998778,0.832561855954174,4311.128,15576.06,486.0599999999995
1367.9999999998254,0.8029970760234704,4977.576,15575.3,201.29999999999927
910.7999999999302,0.7274099692578367,5115.400000000001,15574.945,134.9449999999997
1163.4000000000524,0.7941808492349736,5640.584,15575.51,139.51000000000022
3985.600000000035,0.811621838619023,8440.04,15575.84,572.8400000000001
2191.799999999843,0.7771694497673568,8710.616,15576.72,286.71999999999935
2420.800000000105,0.8004688532716192,9514.296,15574.395,326.39500000000044
1152.3999999997905,0.7885282887887244,11554.6,15576.46,152.45999999999913
3486.800000000105,0.8113886658253799,11670.456,15576.27,530.2700000000004
5319.000000000175,0.7909146456100573,12849.368,15576.575,668.5750000000007
4093.1999999999825,0.7941158506791778,12950.872,15576.455,516.4549999999999
2547.4000000001397,0.7938780717594077,13417.176,15576.985,362.9850000000006
5304.199999999895,0.7705638927642361,13595.960000000001,15576.605,720.6049999999996
535.1999999999825,0.9395553064275283,14954.984,15576.33,98.32999999999993
3610.800000000192,0.7939099368560661,15255.720000000001,15576.37,457.3700000000008
4447.400000000052,0.8255553806718458,15367.784,15574.635,634.6350000000002
1441.7999999999302,0.811242890830936,16026.744,15575.57,168.5699999999997
2678.1999999999825,0.8073426181763912,16085.192000000001,15576.205,341.2049999999999
693.3999999998778,0.8720796077301466,16682.616,15576.06,110.05999999999949
2318.79999999993,0.8671079868897911,16799.368,15575.57,353.5699999999997
2725.6000000002095,0.7601720722042413,17067.144,15575.665,323.6650000000009
4848.0,0.8233807755775577,17828.792,15575.75,630.75
3162.0,0.8583175205566097,18259.24,15575.0,441.0
5240.400000000052,0.8084211128921395,18336.152000000002,15576.01,713.0100000000002
3063.0000000000873,0.7958292523669431,18438.760000000002,15575.725,381.72500000000036
4662.399999999878,0.8132506863418146,18942.456000000002,15576.06,641.0599999999995
1734.4000000001397,0.8465175276752237,19133.944,15575.36,244.36000000000058
1816.5999999999476,0.8235439832654593,19374.52,15575.49,264.4899999999998
3996.800000000105,0.774375750600465,19507.72,15575.645,521.6450000000004
4411.999999999825,0.820744560290143,19785.224000000002,15575.425,629.4249999999993
1078.4000000000524,0.7806240727002679,19848.104,15575.885,149.88500000000022
5165.40000000014,0.7851908855073986,21134.792,15575.485,623.4850000000006
3917.399999999965,0.8215142696686635,22666.600000000002,15575.16,549.1599999999999
2204.0,0.8265086206896551,23007.4,15576.125,312.125
1910.1999999999825,0.8172442676159622,23742.168,15575.58,235.57999999999993
3356.600000000035,0.8167267473038128,25235.64,15576.965,420.96500000000015
2666.199999999895,0.788378591253493,25520.920000000002,15576.355,315.35499999999956
3704.200000000157,0.8274998650180604,25610.600000000002,15576.405,490.40500000000065
5962.600000000122,0.7825948411766557,25775.08,15576.94,753.9400000000005
1038.1999999999825,0.83387112309768,25916.888,15575.705,168.70499999999993
870.2000000001572,0.8905711330727298,26218.28,15576.155,135.15500000000065
3275.800000000105,0.8503342694914008,26527.72,15575.145,431.14500000000044
1458.6000000001222,0.8752742355682955,26706.664,15575.815,203.8150000000005
1008.4000000001397,0.8987752875841934,26954.664,15574.985,140.98500000000058
4647.60000000021,0.8118814011532552,27166.760000000002,15574.54,614.5400000000009
1618.800000000192,0.749104274771369,27323.576,15576.37,232.3700000000008
3402.199999999895,0.8293089765446086,27931.864,15575.855,471.85499999999956
3956.600000000035,0.8238576050144006,27970.264,15575.215,521.2150000000001
1704.0,0.8359741784037559,28400.168,15575.5,267.5
3846.4000000000524,0.8020031717969967,28413.96,15576.885,544.8850000000002
654.1999999999825,0.7048303271171034,28745.784,15575.58,95.57999999999993
5142.800000000105,0.8050138057089398,28750.152000000002,15575.645,747.6450000000004
4183.8000000000175,0.8507875615469163,30159.576,15574.545,582.5450000000001
3467.399999999965,0.8030368575878242,30645.816,15576.41,464.40999999999985
4478.000000000087,0.795639794551127,30922.408,15576.975,616.9750000000004
1173.1999999998952,0.9282091714968271,31489.656,15575.355,180.35499999999956
849.1999999999825,0.8796219971738248,31567.752,15574.955,104.95499999999993
599.7999999999302,0.9553601200401027,31618.648,15575.445,92.44499999999971
4118.999999999913,0.827597717892706,31708.184,15575.775,554.7749999999996
3882.8000000000175,0.8071881116719865,32232.744000000002,15576.67,568.6700000000001
4095.6000000002095,0.8171391249145102,32693.144,15575.415,593.4150000000009
1758.0000000001746,0.6984499431171278,33488.856,15576.575,188.57500000000073
2367.20000000007,0.756632308212217,33613.064,15576.18,306.1800000000003
4187.999999999825,0.7898758357211331,33671.256,15575.8,573.7999999999993
673.0000000000873,0.6326151560177729,34362.072,15575.35,83.35000000000036
1208.9999999998254,0.7449338296113295,34751.88,15574.925,180.92499999999927
3919.1999999999825,0.8161040518473186,35458.28,15574.455,586.4549999999999
3019.0000000001746,0.8667605167273539,35924.152,15574.95,475.9500000000007
641.3999999997905,0.7286014967260889,36382.888,15576.585,76.58499999999913
4236.20000000007,0.7992068363155558,39097.8,15575.68,637.6800000000003
855.2000000001572,0.7901368101027891,39105.784,15574.905,95.90500000000065
808.8000000001921,0.742334322452885,40346.68,15575.12,94.1200000000008
3833.4000000000524,0.8004186883706287,41309.368,15575.385,521.3850000000002
707.9999999999127,0.834216101694995,41616.584,15575.525,117.52499999999964
4063.799999999843,0.8195592794921255,42562.808,15575.345,517.3449999999993
893.4000000001397,0.7658383702707848,42651.832,15575.36,99.36000000000058
4319.20000000007,0.8208059362844868,43252.232,15574.805,599.8050000000003
1901.8000000000175,0.7259701335576773,44088.488,15575.17,202.17000000000007
4255.60000000021,0.7862111100667061,44284.232,15575.04,483.0400000000009
4337.800000000105,0.8289974180459986,44448.216,15575.645,604.6450000000004
3652.5999999999476,0.81532333132564,44677.416,15575.49,495.4899999999998
2442.799999999843,0.8282606025872362,44806.792,15575.095,295.09499999999935
1270.4000000000524,0.7936083123425443,44916.264,15575.76,170.76000000000022
4360.800000000105,0.8447475233901879,45620.712,15576.395,630.3950000000004
3154.799999999843,0.8071906301509121,46528.456,15575.345,417.34499999999935
1218.5999999998603,0.875841129164694,47844.952,15576.14,184.13999999999942
3103.800000000192,0.8257700238417028,47866.104,15575.245,447.2450000000008
2086.399999999965,0.7409053872699479,48344.04,15576.285,237.28499999999985
2977.5999999999476,0.8004936861902311,49693.8,15575.99,424.9899999999998
683.8000000001921,0.6398435214973869,49936.184,15575.745,75.7450000000008
2954.799999999843,0.8093695004738384,50064.152,15576.345,410.34499999999935
1590.8000000000175,0.7941916017098248,50506.472,15576.92,227.92000000000007
3461.3999999997905,0.795039579360989,50647.816,15575.71,461.7099999999991
3762.1999999999825,0.83275078411568,51170.408,15574.955,587.9549999999999
3948.5999999998603,0.7874436509142693,51929.48,15575.14,473.1399999999994
4248.800000000105,0.7709882790434802,53410.216,15575.395,594.3950000000004
1095.6000000001222,0.8061108068637499,54001.032,15574.315,136.3150000000005
2453.199999999895,0.827225664438312,54408.712,15575.23,383.22999999999956
3216.8000000000175,0.7915941308132273,54424.344000000005,15574.92,432.9200000000001
906.7999999998428,0.8637792236436991,54656.424,15575.095,129.09499999999935
3676.600000000035,0.7991894685307019,55533.112,15575.34,486.34000000000015
4034.9999999998254,0.8028190830235706,55785.096,15575.675,507.6749999999993
2866.79999999993,0.7789695828101163,55993.032,15576.07,342.0699999999997
2840.6000000002095,0.8472417799056051,57561.880000000005,15574.415,423.4150000000009
982.2000000000698,0.8438709020565609,57705.032,15574.93,142.9300000000003
1877.6000000002095,0.8314736898167155,57802.584,15575.915,260.9150000000009
2879.199999999808,0.8394171992220496,58436.12,15576.13,416.1299999999992
1807.0000000000873,0.8320420586607326,58686.232,15576.1,236.10000000000036
3877.3999999997905,0.8135799762727939,59018.12,15575.835,503.8349999999991
1345.399999999965,0.8538910361231034,59501.272000000004,15575.285,222.28499999999985
2487.6000000001222,0.8103392828428702,60121.176,15576.44,336.4400000000005
3955.0,0.7993994943109988,60516.36,15575.125,497.125
1259.1999999999825,0.8519099428208479,61590.824,15576.705,160.70499999999993
3129.6000000001222,0.77004249744374,62218.104,15576.065,402.0650000000005
4853.800000000192,0.8110964605051465,62287.688,15575.62,611.6200000000008
351.8000000001921,1.2028140989192864,63582.200000000004,15574.87,93.8700000000008
1771.5999999999476,0.8099599232332539,63673.896,15575.865,244.86499999999978
4258.79999999993,0.802432610124928,64225.16,15575.32,540.3199999999997
2631.4000000000524,0.7927624078437213,64845.464,15576.135,360.1350000000002
1039.8000000001048,0.9217157145604185,66189.144,15575.52,158.52000000000044
3485.0,0.8184720229555237,66415.064,15574.875,465.875
961.3999999999651,0.7904618265030383,66511.016,15575.91,119.90999999999985
1020.3999999997905,0.9684437475501407,67371.048,15574.96,207.95999999999913
2091.600000000035,0.8676611206731575,67978.104,15574.84,259.84000000000015
1859.8000000001048,0.7755672652973107,69868.632,15575.52,291.52000000000044
3329.3999999997905,0.8061737850664172,70110.728,15575.335,469.3349999999991
2509.399999999965,0.8185522435642074,70664.36,15575.535,333.53499999999985
1827.7999999998428,0.8874876901193293,71086.296,15575.47,291.46999999999935
884.3999999998778,0.9303765264587187,71143.60800000001,15575.685,140.6849999999995
1131.0000000000873,0.7313218390804178,71448.776,15576.225,128.22500000000036
3651.199999999808,0.8245850679229082,71474.12,15575.505,465.5049999999992
4347.0,0.818064182194617,72275.128,15575.625,573.625
2187.6000000001222,0.854326659352678,72447.304,15575.065,285.0650000000005
2449.4000000001397,0.810586266024297,73541.368,15575.61,337.6100000000006
4146.999999999825,0.8344586448034996,73919.64,15575.3,591.2999999999993
623.0000000001746,0.7441813804171794,74456.632,15576.325,76.32500000000073
4009.800000000192,0.8202466457179606,74493.25600000001,15576.245,491.2450000000008
4161.800000000105,0.8184619635734379,74947.0,15576.895,572.8950000000004
502.39999999987776,0.79433718152881,75910.152,15574.935,74.93499999999949
839.9999999998254,0.7565476190477374,76442.744,15575.3,92.29999999999927
3782.9999999999127,0.7920631773724697,77717.912,15575.275,457.27499999999964
4045.3999999997905,0.8038636475997748,78379.208,15575.71,546.7099999999991
896.6000000002095,0.7404918581305868,79613.528,15575.665,104.66500000000087
3907.200000000157,0.8206900081899827,79695.704,15575.28,537.2800000000007
3333.399999999965,0.8242560148797091,80520.712,15575.035,441.03499999999985
6713.800000000192,0.8018596026095329,80901.64,15575.745,844.7450000000008
1289.5999999999476,0.6761205024814094,82029.448,15575.865,133.86499999999978
1141.4000000001397,0.7674347292797608,82074.232,15576.11,144.11000000000058
901.8000000000175,0.7155411399423274,83490.872,15576.295,102.29500000000007
2406.799999999843,0.7795724613595202,83503.496,15576.095,343.09499999999935
1011.6000000000349,0.9597914195333858,84204.82400000001,15574.465,154.46500000000015
2803.399999999965,0.8117642862238788,84543.944,15575.66,365.65999999999985
4126.599999999948,0.800004846604961,84785.096,15574.74,528.7399999999998
676.3999999998778,0.7607554701361178,85291.288,15574.435,78.43499999999949
4451.400000000052,0.7870726063710223,85421.848,15574.635,598.6350000000002
1833.8000000000175,0.8443668884283938,85429.512,15574.92,277.9200000000001
881.0000000000873,0.7528376844494332,85955.576,15575.85,129.85000000000036
3119.200000000157,0.8094543472684991,86470.18400000001,15575.53,431.53000000000065
3036.3999999997905,0.8572898827559413,86500.392,15575.335,411.3349999999991
748.3999999997905,0.6954168893641187,87284.136,15575.21,95.20999999999913
2142.4000000001397,0.7657650298730019,87521.816,15575.235,301.2350000000006
2864.8000000000175,0.77576096062552,88343.96,15576.92,358.9200000000001
1547.5999999998603,0.796426725252058,88618.504,15575.39,191.38999999999942
2426.0000000001746,0.8428998351194912,88753.08,15575.575,297.5750000000007
3040.0,0.8821957236842105,89806.056,15575.375,471.375
3589.6000000002095,0.7825871963449619,90591.56,15576.915,521.9150000000009
966.7999999999302,0.9549803475383261,90626.344,15575.695,143.6949999999997
2368.0,0.8012563344594594,94360.408,15575.875,275.875
4020.5999999999476,0.8345271849972725,94375.56,15574.74,561.7399999999998
3671.20000000007,0.8285029418173772,96023.128,15575.68,501.6800000000003
2282.8000000000175,0.8568534256176574,96262.648,15575.045,301.0450000000001
1381.199999999808,0.8855343179844585,96573.11200000001,15575.38,183.3799999999992
779.7999999998428,0.6261541420878032,97587.096,15575.095,75.09499999999935
3838.6000000002095,0.8481738133694215,98039.784,15574.04,558.0400000000009
2634.200000000157,0.8743071900386804,98062.264,15574.78,380.78000000000065
3686.9999999998254,0.7896663954434785,98776.696,15575.3,487.2999999999993
4211.59999999986,0.8090274480007804,99254.28,15575.14,578.1399999999994
1871.4000000000524,0.8270278935556089,99392.952,15575.26,291.2600000000002
4315.799999999843,0.8101684508086793,100049.88,15576.345,563.3449999999993
4078.79999999993,0.812530646268521,100311.60800000001,15575.07,565.0699999999997
1257.1999999998952,0.8254255488387423,101072.888,15575.105,178.10499999999956
2539.3999999998778,0.8404839725919823,101338.216,15575.185,322.1849999999995
3250.199999999895,0.7514845240293087,101465.016,15576.855,387.85499999999956
1532.6000000002095,0.8124592196266925,101573.0,15575.915,201.91500000000087
2008.8000000001048,0.7469758064515837,102013.416,15576.145,236.14500000000044
2912.600000000035,0.8262978095172622,102039.176,15574.215,408.21500000000015
594.1999999999825,0.8056630764052689,102416.53600000001,15574.705,84.70499999999993
1279.399999999965,0.8177270595591856,103044.936,15575.16,193.15999999999985
883.6000000002095,0.753932775011183,103117.416,15574.915,118.91500000000087
1561.0,0.7920403587443946,103458.344,15574.875,224.875
3394.0000000000873,0.821044490276943,103726.696,15574.725,474.72500000000036
3297.199999999808,0.836156435763716,103748.68000000001,15575.755,397.7549999999992
2337.0000000001746,0.8169127086007232,104017.176,15574.825,302.8250000000007
4250.40000000014,0.7971779126670231,105481.224,15574.985,554.9850000000006
2559.800000000105,0.8031486834908725,105624.28,15575.02,327.02000000000044
3964.200000000157,0.8151329398112863,105913.56,15575.03,561.0300000000007
3377.200000000157,0.8164973942910995,106794.584,15574.655,430.65500000000065
4378.399999999965,0.8234629088251467,106994.68000000001,15574.41,614.4099999999999
3746.3999999998778,0.7957505872304277,107177.83200000001,15575.56,485.5599999999995
1532.199999999808,0.7325903928991677,107295.016,15575.255,169.2549999999992
3018.0000000000873,0.8011928429423282,107357.24,15575.6,410.60000000000036
546.2000000001572,1.014692420358605,107526.152,15574.405,120.40500000000065
4531.399999999965,0.7871353224169177,108231.208,15576.285,580.2849999999999
2891.3999999997905,0.7732672753683761,108760.056,15575.085,361.0849999999991
1104.7999999999302,0.9711259956553717,109977.60800000001,15574.82,204.8199999999997
3539.5999999998603,0.7909933325799764,109986.168,15575.64,478.6399999999994
1811.199999999808,0.7600485865724989,110649.192,15574.88,212.8799999999992
3729.199999999808,0.8103882870321033,111107.352,15573.38,485.3799999999992
1889.8000000000175,0.7830987406074662,111592.664,15574.42,267.4200000000001
2577.9999999998254,0.7574670287044606,111862.96800000001,15574.55,340.5499999999993
1140.399999999965,0.8346413539109283,112265.336,15574.285,150.28499999999985
578.1999999998079,0.6930560359738794,112582.216,15573.505,76.5049999999992
3979.3999999998778,0.8135837060863639,113262.44,15574.435,538.4349999999995
996.5999999999476,0.7252659040738794,114108.6,15575.24,154.23999999999978
1316.600000000035,0.8158704238189108,114195.128,15574.715,191.71500000000015
3489.4000000001397,0.7982962686994655,114522.296,15575.235,449.2350000000006
2437.800000000105,0.8129358437935575,116221.528,15574.395,316.39500000000044
1002.3999999997905,0.7598762968875897,116618.68000000001,15573.46,131.45999999999913
2823.20000000007,0.8372060073675102,117041.176,15573.68,413.6800000000003
1114.6000000002095,0.8510227884441602,117431.192,15574.79,178.79000000000087
2762.399999999965,0.7677924992759992,117929.24,15574.91,323.90999999999985
3905.0,0.7924455825864276,118026.504,15574.5,473.5
3954.199999999808,0.846056092256367,118261.912,15574.255,562.2549999999992
3771.4000000000524,0.8117211115235635,118557.928,15574.385,467.3850000000002
3644.5999999999476,0.8606362838171638,118707.08,15574.615,539.6149999999998
582.2000000000698,0.8390158021297741,118731.16,15574.055,97.05500000000029
416.5999999998603,0.9701752280367483,120517.848,15573.515,92.51499999999942
4021.9999999999127,0.8080246146196057,120651.848,15573.775,556.7749999999996
1247.8000000001048,0.8779652187850038,120745.32,15574.145,211.14500000000044
3899.5999999999476,0.8062173043389149,121083.784,15574.865,504.8649999999998
436.39999999987776,0.9299381301560283,121504.776,15574.685,74.68499999999949
1948.399999999965,0.8083940669267202,121509.992,15573.535,301.53499999999985
2685.9999999999127,0.7918838421444724,121520.68000000001,15574.4,346.39999999999964
765.8000000000175,0.7698158788195218,121877.208,15574.545,102.54500000000007
4224.000000000087,0.8286280776515019,121971.384,15574.225,556.2250000000004
2243.9999999999127,0.77127896613193,123274.44,15575.15,299.14999999999964
3922.199999999808,0.8355578501861518,123737.192,15574.005,544.0049999999992
2141.3999999998778,0.847377883627571,124290.216,15573.435,339.4349999999995
2133.800000000105,0.797415409129223,124353.736,15574.145,256.14500000000044
4090.199999999895,0.8112011637572895,125251.83200000001,15575.355,549.3549999999996
2838.5999999998603,0.7973737053477367,125429.016,15575.765,351.7649999999994
3867.800000000105,0.8456745436682174,126273.336,15575.02,587.0200000000004
2034.600000000035,0.8353853337265199,126440.344,15574.215,256.21500000000015
980.3999999997905,0.877524479804309,126626.776,15575.585,133.58499999999913
810.1999999998952,0.8330967662306439,128066.744,15575.355,118.35499999999956
1490.5999999999476,0.9042835099959999,128254.12000000001,15574.865,221.86499999999978
2259.4000000001397,0.7730813490306799,128448.936,15574.86,296.8600000000006
3895.9999999998254,0.8334188911704602,128520.696,15574.8,506.7999999999993
3456.800000000105,0.8369807336264556,129037.496,15574.895,458.89500000000044
1028.1999999998952,0.8469655709006702,130099.56,15574.73,155.72999999999956
3077.0,0.8010237244068898,131105.432,15574.75,419.75
1619.800000000192,0.7861464378317601,131560.50400000002,15575.12,195.1200000000008
2995.5999999999476,0.8843136600347298,132247.768,15575.49,404.4899999999998
595.3999999997905,0.7613789049380589,133933.256,15575.585,86.58499999999913
1130.7999999998428,0.7792270958614194,134266.056,15575.47,152.46999999999935
3771.9999999999127,0.8287049310710647,134480.376,15574.775,549.7749999999996
3295.9999999998254,0.8089729975728485,135337.72,15575.675,451.6749999999993
4185.1999999999825,0.7993285864474842,135370.92,15575.83,559.8299999999999
3959.4000000000524,0.8087904733040278,135382.50400000002,15575.385,550.3850000000002
1069.800000000192,0.7244578425873031,136040.44,15575.245,133.2450000000008
2833.79999999993,0.825005293245834,136158.07200000001,15574.82,380.8199999999997
1268.199999999808,0.8191531304211649,136895.08000000002,15575.13,172.1299999999992
3113.0000000001746,0.849381625441659,137136.168,15574.825,469.8250000000007
688.2000000000698,0.9711566405113997,137585.65600000002,15576.43,106.43000000000029
2689.6000000001222,0.8743121653777202,137656.536,15574.19,460.1900000000005
1196.600000000035,0.8142236336285961,138099.272,15574.34,165.34000000000015
3657.199999999808,0.8205662802144049,138255.832,15575.755,502.7549999999992
4123.800000000192,0.7979957805906889,139512.664,15575.995,547.9950000000008
1833.4000000000524,0.7952165375804342,140024.456,15576.51,268.5100000000002
1551.0000000001746,0.8463894261765861,140832.008,15574.95,232.95000000000073
1063.9999999999127,0.72462406015042,141230.472,15575.4,133.39999999999964
3654.0000000000873,0.8001505199780915,141239.496,15575.35,529.3500000000004
4463.000000000087,0.8483083127940718,141296.488,15575.6,647.6000000000004
619.1999999998079,0.6283914728683538,141358.424,15576.38,78.3799999999992
508.19999999998254,0.7400629673357136,141862.376,15575.58,81.57999999999993
2214.1999999999825,0.8082377382350333,141927.416,15575.08,281.0799999999999
3932.5999999999476,0.810958399023555,142671.688,15575.115,521.1149999999998
1786.7999999998428,0.7047655025744802,143011.896,15576.095,215.09499999999935
956.6000000001222,0.9342201547145188,143141.336,15575.815,161.8150000000005
4180.200000000157,0.813950289459811,143746.984,15575.655,573.6550000000007
1031.8000000001048,0.8037168055824147,144087.992,15574.895,155.89500000000044
2040.4000000001397,0.7829714761811002,144390.93600000002,15575.235,278.2350000000006
3578.0,0.8360816098378983,145583.64,15575.5,519.5
3073.199999999808,0.7641790316283062,148276.088,15575.255,421.2549999999992
4054.5999999998603,0.8145809697627602,148770.04,15575.64,573.6399999999994
2946.1999999999825,0.8442994365623554,149049.048,15574.455,436.4549999999999
3028.0000000000873,0.7930151915455572,149110.536,15575.85,379.85000000000036
4091.199999999895,0.7760803676183178,149480.184,15575.98,545.9799999999996
4334.799999999843,0.7913917597121194,150716.728,15575.345,579.3449999999993
1116.800000000192,0.7720943767907305,150854.872,15575.495,127.4950000000008
1316.800000000192,0.8494266403401222,151280.104,15574.745,222.7450000000008
3996.800000000105,0.774625950760593,151406.168,15575.645,517.6450000000004
2963.0000000000873,0.8525565305433486,151699.192,15575.225,361.22500000000036
1633.0,0.8304500918554807,151793.72,15575.625,230.625
1637.8000000001048,0.8430669190376916,152226.312,15575.395,294.39500000000044
714.5999999998603,0.8395256087322853,152246.28,15575.265,99.26499999999942
2776.4000000001397,0.8066020746289848,153334.856,15575.61,348.6100000000006
775.2000000001572,0.7533217234260979,153534.248,15576.155,108.15500000000065
573.3999999997905,0.8799703522848711,155462.07200000001,15575.835,82.83499999999913
880.1999999998952,0.8524767098387522,155588.36000000002,15577.23,143.22999999999956
3568.799999999843,0.852744620040379,155604.36000000002,15576.095,520.0949999999993
2604.0,0.8094278033794163,156553.192,15575.75,349.75
2443.6000000002095,0.7763340972335393,156872.184,15576.29,331.2900000000009
578.3999999999651,0.9784751037344875,158446.36000000002,15575.91,112.90999999999985
2878.0000000001746,0.8496785962473539,158782.84,15575.075,437.0750000000007
3237.399999999965,0.7947581392475509,158840.50400000002,15574.91,433.90999999999985
723.5999999998603,0.9266860143727242,158858.568,15575.39,129.38999999999942
3199.399999999965,0.8406498093392583,159021.32,15575.035,469.03499999999985
593.7999999999302,0.9189120916134239,159794.12,15575.57,97.56999999999971
2972.800000000105,0.7527078848223697,159932.6,15575.77,383.77000000000044
609.0,0.8877257799671593,161524.024,15575.125,111.125
1406.199999999808,0.8505013511592429,163606.6,15575.755,241.7549999999992
1852.3999999998778,0.8636498596415907,163721.992,15575.685,271.6849999999995
1142.3999999998778,0.8259585084034297,163731.32,15577.435,154.4349999999995
3543.1999999999825,0.8179329419733605,164863.08000000002,15575.58,485.5799999999999
2701.8000000000175,0.8215911614479195,165250.392,15574.795,404.7950000000001
4249.399999999878,0.8010425001176813,166299.208,15576.31,602.3099999999995
3076.399999999965,0.7948657521778771,166311.528,15576.785,348.78499999999985
4572.799999999843,0.8097937806158366,166540.184,15576.845,652.8449999999993
3816.399999999965,0.776438528456142,166599.064,15576.16,488.15999999999985
4864.1999999999825,0.795141030385266,166780.408,15576.705,637.7049999999999
3562.3999999998778,0.7933766561868612,166859.976,15576.185,493.1849999999995
2095.3999999997905,0.8110981196908136,166921.432,15576.835,297.8349999999991
3851.199999999808,0.8021136269215097,167245.528,15576.38,487.3799999999992
2964.5999999999476,0.847264386426511,167481.688,15576.24,452.2399999999998
4120.600000000122,0.8109377275153918,169104.04,15575.19,551.1900000000005
3357.5999999999476,0.829290266857289,169118.168,15574.365,434.3649999999998
3841.0,0.84174043217912,169404.056,15575.625,524.625
3650.3999999998778,0.8041447512601565,169748.888,15575.81,492.8099999999995
3842.6000000001222,0.8396788632696405,169986.6,15575.19,529.1900000000005
3667.800000000105,0.8135053710671069,170582.712,15575.395,507.39500000000044
508.60000000020955,0.7683837986627571,170838.76,15576.04,77.04000000000087
4203.999999999825,0.8039069933397021,171364.904,15575.925,554.9249999999993
4593.800000000105,0.7850853324045316,171546.984,15577.145,597.1450000000004
1347.1999999998952,0.79505641330171,172132.104,15575.98,213.97999999999956
4462.800000000105,0.8259164649995369,172452.248,15576.02,572.0200000000004
3068.1999999999825,0.7757724398670264,172552.168,15577.205,387.2049999999999
4187.79999999993,0.8065452027317549,172838.08800000002,15575.57,546.5699999999997
776.0000000001746,0.7508054123710073,173084.456,15576.325,96.32500000000073
1261.2000000000698,0.7605653346019347,173522.056,15575.805,155.8050000000003
3073.1999999999825,0.8543944422751567,174095.896,15573.705,427.7049999999999
5148.999999999825,0.8186298310351738,175059.048,15575.425,725.4249999999993
2738.800000000192,0.8416185920840785,175381.624,15575.245,377.2450000000008
1313.6000000001222,0.8724497563945769,175713.752,15575.69,203.6900000000005
3656.799999999843,0.7811542879020164,176341.144,15576.345,506.34499999999935
2216.0,0.8498420577617328,177437.704,15575.25,289.25
2540.3999999998778,0.8917198079043009,177540.296,15576.185,417.1849999999995
2995.0,0.7286310517529215,177772.552,15576.25,355.25
893.6000000001222,0.8062052372425295,178364.856,15575.565,106.56500000000051
3964.5999999999476,0.8294468546637829,179579.192,15575.365,519.3649999999998
612.0,0.7538807189542484,180423.128,15575.875,80.875
1142.6000000002095,0.7848765972342682,180785.304,15575.04,158.04000000000087
1112.0,0.8382419064748201,181215.88,15573.625,149.625
4002.4000000000524,0.8018813711772855,182158.344,15575.01,570.0100000000002
2905.0000000000873,0.8289586919104799,182355.928,15575.225,389.22500000000036
2269.79999999993,0.850140981584301,182624.36000000002,15574.57,320.5699999999997
1149.8000000000175,0.843211862932674,183025.096,15573.545,169.54500000000007
3444.5999999999476,0.8057684491668212,183472.04,15573.99,467.9899999999998
3867.3999999998778,0.7766393442623137,183655.32,15574.435,451.4349999999995
2379.4000000000524,0.7878877027822008,183770.08800000002,15573.26,281.2600000000002
4106.800000000192,0.8087562092139575,184439.272,15575.12,563.1200000000008
1063.7999999999302,0.7586247414927993,184616.152,15574.445,125.44499999999971
1330.5999999999476,0.919641515105996,185100.808,15574.615,221.61499999999978
1916.9999999998254,0.7915362545644786,187843.736,15575.675,217.67499999999927
635.1999999998079,1.035658060453657,188089.80000000002,15574.13,109.1299999999992
3468.5999999999476,0.8324107709162295,188192.36000000002,15575.74,423.7399999999998
3639.79999999993,0.7999134567833515,188452.93600000002,15575.945,458.9449999999997
807.4000000000524,0.9443274708941792,188683.736,15575.01,111.01000000000022
691.7999999999302,0.7206201214224303,188868.824,15574.945,82.94499999999971
2576.200000000157,0.8718655383898348,189264.296,15574.78,394.78000000000065
515.0000000000873,1.0266990291260714,189292.312,15574.35,92.35000000000036
4259.200000000157,0.8466319966190591,189388.28,15575.155,575.1550000000007
1304.0000000001746,0.8744248466256749,189420.712,15574.45,176.45000000000073
1190.3999999997905,0.7703923051076295,189695.608,15575.335,177.33499999999913
4509.400000000052,0.82049718366079,190311.256,15574.51,600.5100000000002
3399.199999999808,0.8282022240527545,190724.616,15575.005,499.0049999999992
3194.5999999998603,0.8083328116196352,190793.4,15575.14,419.1399999999994
3295.0000000000873,0.7565629742033233,192129.256,15575.975,421.97500000000036
1215.2000000000698,0.8436677090190537,192297.832,15574.805,169.8050000000003
2681.9999999999127,0.8167878448918923,192411.992,15575.525,381.52499999999964
4061.8000000000175,0.8056526663055762,192864.23200000002,15574.92,537.9200000000001
786.2000000000698,0.8202111422029456,195573.608,15574.93,118.93000000000029
941.2000000001572,0.9211379090521512,196715.048,15575.155,147.15500000000065
885.8000000000175,0.9865658162113187,197997.96,15575.42,159.42000000000007
1535.0000000001746,0.8175081433224038,198438.408,15575.575,219.57500000000073
3519.5999999998603,0.8197806568928538,198596.79200000002,15576.14,451.1399999999994
2358.800000000105,0.7342822621671794,199296.152,15575.645,299.64500000000044
2301.800000000192,0.7902076635675924,199383.96,15575.62,293.6200000000008
3984.199999999895,0.768121580241971,199675.56,15575.23,501.22999999999956
1630.8000000000175,0.7381499877360745,200334.408,15573.795,197.79500000000007
317.1999999998079,1.0284520807066884,200561.912,15575.005,85.0049999999992
2398.3999999997905,0.8075487825217353,200797.688,15575.085,314.0849999999991
975.8000000001921,0.8867339618772963,202406.872,15574.495,172.4950000000008
3235.800000000105,0.7842805488596135,202937.016,15575.395,468.39500000000044
776.6000000000349,0.7919778521761253,203430.04,15574.09,93.09000000000015
5131.399999999878,0.787372841719623,203937.752,15575.185,656.1849999999995
462.8000000001921,0.9637532411405594,204029.336,15574.245,86.2450000000008
1127.7999999999302,0.7149095584323788,204056.856,15574.695,147.6949999999997
1957.8000000000175,0.7514940239043775,204232.952,15575.295,237.29500000000007
710.9999999999127,0.8219057665260976,204498.632,15574.275,102.27499999999964
3866.799999999843,0.8687157339402366,204715.336,15574.47,554.4699999999993
1865.0000000001746,0.7894772117961902,205069.16,15575.075,245.07500000000073
2781.79999999993,0.7742828384499393,206223.0,15574.82,408.8199999999997
896.5999999998603,0.8966372964533784,206244.488,15575.265,145.26499999999942
1868.6000000001222,0.8487905383709297,206248.424,15575.69,243.6900000000005
3667.8000000000175,0.8145618626969816,206957.752,15575.17,497.1700000000001
4360.20000000007,0.8152091647172047,208217.896,15575.055,620.0550000000003
4042.20000000007,0.8405942308643695,208578.168,15574.93,565.9300000000003
1856.4000000001397,0.8056992027579798,209067.176,15574.86,259.8600000000006
1946.4000000001397,0.7730682285244134,209435.128,15575.86,236.86000000000058
2793.6000000002095,0.8148714919816253,210086.712,15575.165,397.1650000000009
2440.3999999998778,0.8678188001967232,211143.22400000002,15574.685,306.6849999999995
4799.199999999808,0.7987997999666856,211390.184,15574.88,650.8799999999992
609.6000000001222,0.7337598425195755,212328.66400000002,15574.94,88.94000000000051
4545.399999999878,0.8065461785541593,212722.712,15575.935,677.9349999999995
2691.399999999965,0.8162852047261729,212763.048,15575.91,361.90999999999985
3672.1999999999825,0.7792944284080416,213216.488,15575.705,478.7049999999999
938.3999999997905,0.77093989769834,213738.472,15575.21,119.20999999999913
873.1999999999825,0.8198007329363388,213983.416,15575.33,115.32999999999993
2001.1999999998952,0.7504122526484405,214478.472,15576.105,237.10499999999956
3015.399999999965,0.8129352656364071,214779.752,15575.785,410.78499999999985
1794.2000000001572,0.8104447664696812,214880.536,15576.78,259.78000000000065
3501.4000000001397,0.8472896555663185,216155.0,15574.86,500.8600000000006
3026.3999999998778,0.8494250594766326,216431.08000000002,15575.06,425.0599999999995
4330.600000000035,0.8154008682399617,216756.472,15575.715,564.7150000000001
3713.199999999895,0.806608854896064,217050.456,15574.98,490.97999999999956
2587.0000000000873,0.7599536142249517,218571.832,15575.6,303.60000000000036
666.0000000000873,0.73123123123116,219210.008,15576.6,81.60000000000036
3197.9999999998254,0.8449421513446262,219673.992,15574.425,445.4249999999993
3994.0000000001746,0.8197295943915598,219697.672,15575.2,549.2000000000007
982.2000000001572,0.6757534107105715,219913.032,15575.905,123.90500000000065
4265.399999999878,0.8213356308904387,220258.488,15576.185,586.1849999999995
2342.8000000000175,0.8246649308519672,220287.96,15575.045,327.0450000000001
4059.3999999998778,0.7972729960092808,220932.984,15574.81,550.8099999999995
3594.4000000000524,0.8470328844869701,221583.208,15574.635,538.6350000000002
3828.20000000007,0.830344548351694,221772.888,15575.305,493.3050000000003
2142.600000000035,0.9034817511434589,221998.36000000002,15573.84,323.84000000000015
1561.2000000000698,0.80153087368688,222111.928,15576.43,196.4300000000003
3088.0000000001746,0.8141191709844205,222332.79200000002,15575.2,441.2000000000007
652.3999999999651,1.009656652360559,223327.464,15574.66,133.65999999999985
4650.199999999808,0.7922992559460058,223722.424,15575.63,571.6299999999992
4958.399999999878,0.8174411100355109,224935.064,15575.56,731.5599999999995
1214.9999999998254,0.8265432098766351,225287.816,15576.05,177.04999999999927
2470.9999999998254,0.7950222581951056,225774.312,15576.3,339.2999999999993
826.5999999999476,0.6460803290588242,225826.168,15576.49,98.48999999999978
3432.200000000157,0.8004996795058282,226382.344,15575.655,487.65500000000065
2604.800000000192,0.8233933507370539,227181.032,15575.995,353.9950000000008
1395.9999999998254,0.7298531518625321,227719.24,15576.175,171.17499999999927
2319.800000000105,0.8027200620742889,229596.712,15576.27,368.27000000000044
3754.0000000001746,0.8186600958976797,230192.184,15575.45,546.4500000000007
1844.9999999999127,0.8780487804878375,231123.976,15575.4,252.39999999999964
4439.599999999948,0.7711392918280995,231606.50400000002,15575.99,524.9899999999998
3897.0000000001746,0.79673466769307,231762.79200000002,15575.575,455.5750000000007
600.8000000000175,0.8416278295605669,231843.08000000002,15576.17,84.17000000000007
1347.4000000001397,0.8765585572212437,233082.552,15574.735,172.73500000000058
887.6000000002095,0.8136266336185993,234142.552,15575.915,116.91500000000087
4357.0,0.8112806977277943,235452.76,15575.75,527.75
2066.9999999999127,0.8412554426705646,235480.824,15574.775,325.77499999999964
1359.600000000035,0.7703920270667693,236853.992,15575.965,193.96500000000015
4575.1999999999825,0.8103416244098642,238535.304,15576.455,672.4549999999999
1439.199999999808,0.7418010005559383,239306.95200000002,15576.88,154.8799999999992
1028.2000000001572,0.810494067301986,239551.912,15576.03,141.03000000000065
3613.4000000001397,0.8175679415508695,240891.94400000002,15574.36,507.3600000000006
1469.7999999999302,0.8380561981222244,241195.288,15575.195,191.1949999999997
2883.5999999998603,0.8079050492440306,241396.79200000002,15576.015,393.0149999999994
3407.8000000000175,0.8260534655789626,241550.52000000002,15575.045,485.0450000000001
4233.20000000007,0.8396366814702718,241646.872,15574.43,594.4300000000003
3447.799999999843,0.8137870526132892,241824.104,15575.595,465.59499999999935
989.9999999999127,0.9092171717172354,242570.37600000002,15575.025,162.02499999999964
2593.9999999999127,0.7753469545104285,242669.544,15575.65,304.64999999999964
2739.3999999998778,0.8272158136818567,242962.264,15575.935,373.9349999999995
1100.0,0.9173863636363636,243120.296,15574.625,187.625
4250.8000000000175,0.8338195163263359,243298.6,15575.92,583.9200000000001
2561.3999999997905,0.7850003904115426,243509.24,15575.46,327.4599999999991
2144.800000000105,0.7905282543826636,243520.632,15575.145,262.14500000000044
2860.9999999998254,0.8466008388675691,243907.592,15574.425,458.4249999999993
3433.6000000002095,0.8546569198508447,244133.688,15574.79,490.7900000000009
2526.6000000002095,0.7760132193461081,244675.976,15575.415,311.4150000000009
3604.8000000000175,0.8039350310696819,244805.832,15575.045,530.0450000000001
900.6000000000349,0.6868198978458612,245914.728,15576.59,106.59000000000015
4030.4000000000524,0.8288445315601346,246072.056,15575.635,578.6350000000002
2830.4000000001397,0.8272505652910933,246276.904,15575.61,413.6100000000006
3290.199999999895,0.7715260470488302,246786.36000000002,15574.855,444.85499999999956
1505.5999999998603,0.8272781615303463,246951.22400000002,15575.39,224.38999999999942
1002.2000000000698,0.8165535821192936,247424.36000000002,15575.43,143.4300000000003
2145.799999999843,0.8055969801473097,247574.008,15575.97,277.96999999999935
680.9999999999127,0.9553964757710236,247718.264,15574.525,131.52499999999964
1630.0000000001746,0.751380368098099,249190.824,15574.95,211.95000000000073
2437.600000000035,0.7739887594355019,249421.848,15575.215,305.21500000000015
1460.6000000002095,0.7998767629740323,251484.888,15576.54,236.54000000000087
3394.6000000002095,0.8048960113120458,251727.192,15575.54,479.5400000000009
2170.800000000192,0.8797563110373443,253484.296,15574.995,359.9950000000008
4224.999999999913,0.7884319526627344,254403.94400000002,15576.025,486.02499999999964
1439.3999999998778,0.7972592746978425,254471.288,15576.435,209.4349999999995
3900.8000000000175,0.7886907813781762,254673.256,15576.545,501.5450000000001
826.4000000000524,0.6523172797676375,255081.128,15576.135,104.13500000000022
2329.0000000001746,0.8097359381708421,255361.112,15575.575,285.5750000000007
780.9999999998254,0.5893085787452883,255667.72,15576.05,79.04999999999927
1270.8000000001048,0.6883655964746204,255810.12,15576.395,134.39500000000044
3710.8000000000175,0.8411326398620212,256676.984,15575.295,527.2950000000001
1613.9999999998254,0.738228004956689,257177.848,15576.3,217.29999999999927
4206.400000000052,0.8210583872194672,257282.904,15576.26,540.2600000000002
2892.6000000002095,0.8260907142362809,258174.328,15574.79,391.7900000000009
2554.800000000105,0.8139188977610515,258228.632,15575.52,355.52000000000044
2825.3999999998778,0.7647412755716254,258531.96,15576.06,329.0599999999995
1792.5999999998603,0.8350580162892394,258667.864,15575.265,220.26499999999942
595.8000000001048,0.9443605236655265,258788.104,15575.77,88.77000000000044
666.8000000001921,0.929289142171352,260113.192,15575.37,113.3700000000008
1461.1999999999825,0.7831576786203192,260312.80800000002,15575.83,191.82999999999993
2803.8000000000175,0.8141272558670337,260575.848,15576.17,322.1700000000001
2540.0000000001746,0.8180118110235787,261162.728,15575.95,356.9500000000007
1404.1999999998952,0.7479169633955696,261249.288,15576.605,170.60499999999956
3345.200000000157,0.833201303360008,261469.88,15576.405,514.4050000000007
2224.800000000105,0.760472851492242,261674.824,15575.02,267.02000000000044
2042.0,0.7542850146914789,262182.568,15576.25,244.25
1187.1999999998952,0.7464833221024753,262228.488,15574.605,173.60499999999956
3856.0000000000873,0.8408973029045496,262957.368,15575.1,463.10000000000036
1662.9999999999127,0.7947233914612466,263334.536,15575.525,265.52499999999964
1922.800000000192,0.8344081547742229,263843.416,15575.12,279.1200000000008
973.1999999998952,0.8038943690917227,263875.976,15575.23,126.22999999999956
986.1999999998952,0.6261153924153782,263976.904,15575.855,91.85499999999956
4624.0,0.7880622837370242,264306.12,15577.0,620.0
438.0,0.8838470319634704,264529.752,15575.625,88.625
2351.800000000192,0.834796751424388,264572.2,15575.495,303.4950000000008
1786.3999999998778,0.795216636811506,264680.456,15576.435,222.4349999999995
4120.999999999825,0.7705653967483868,265696.648,15576.3,496.2999999999993
3660.200000000157,0.8507322004261777,265890.968,15575.53,553.5300000000007
3933.5999999998603,0.835316249745803,266011.176,15574.64,597.6399999999994
3369.3999999997905,0.7737876179735629,266268.568,15575.96,423.9599999999991
697.0,0.8217360114777619,266620.488,15575.75,121.75
2118.20000000007,0.8219124728542894,268083.912,15575.555,308.5550000000003
729.6000000001222,0.6937705592104415,268575.4,15576.315,87.31500000000051
1305.1999999999825,0.7742874655225331,269938.44,15576.08,171.07999999999993
919.8000000001048,0.8205859969557878,270343.032,15575.395,121.39500000000044
2237.8000000000175,0.8242582000178698,271006.456,15575.545,289.5450000000001
4277.800000000192,0.7920017298611164,271105.944,15575.245,625.2450000000008
593.1999999998079,0.6571982467971851,271478.184,15575.13,81.1299999999992
1281.2000000000698,0.8758195441772962,271783.912,15575.18,228.1800000000003
1194.0,0.821712730318258,271852.728,15575.625,177.625
1974.4000000000524,0.7724245340356409,271904.68,15576.135,264.1350000000002
3800.199999999808,0.805904952370959,271964.088,15575.88,513.8799999999992
1481.0000000001746,0.7732106684671828,272854.744,15575.825,153.82500000000073
1691.2000000000698,0.8298693235572109,273417.14400000003,15575.055,250.0550000000003
841.2000000001572,0.8361269614834737,273517.608,15575.03,138.03000000000065
3963.3999999998778,0.7789271837311582,273587.096,15576.56,502.5599999999995
1136.8000000000175,0.7765438071780346,273967.192,15575.795,169.79500000000007
4141.200000000157,0.7976794165942007,274033.256,15575.03,523.0300000000007
4281.400000000052,0.7849827159340329,274995.048,15575.885,637.8850000000002
3529.6000000002095,0.8277637692656011,275457.992,15575.415,467.4150000000009
3807.800000000105,0.7889792005882497,275569.832,15575.895,455.89500000000044
2430.8000000000175,0.8106487576106587,276298.36,15576.545,327.5450000000001
3242.4000000001397,0.8462712805329102,276939.128,15576.11,451.1100000000006
3595.199999999808,0.7880576880285145,277252.088,15576.005,467.0049999999992
1010.8000000001048,0.877176493866173,277275.576,15575.77,157.77000000000044
3695.6000000001222,0.7679876068838427,277523.384,15576.315,426.3150000000005
2858.8000000000175,0.8462991464950289,277891.0,15576.92,349.9200000000001
4037.3999999997905,0.8295437657898981,278766.856,15575.96,544.9599999999991
770.2000000000698,0.7926188003115525,279695.864,15576.055,116.05500000000029
2944.8000000000175,0.7961151860907326,280220.44,15575.92,371.9200000000001
4281.000000000175,0.8327201588413659,281652.248,15576.575,600.5750000000007
589.6000000001222,0.9585736092264344,281695.096,15576.315,96.31500000000051
3439.5999999998603,0.8121002442144689,281808.184,15576.14,452.1399999999994
1582.0,0.8081542351453855,282583.032,15575.5,246.5
3109.799999999843,0.7869557527815596,283480.552,15575.095,441.09499999999935
701.8000000000175,0.9276503277286792,283527.304,15575.045,107.04500000000007
3610.4000000001397,0.78068219587855,283904.84,15576.235,462.2350000000006
3872.0000000001746,0.8426846590908795,284482.904,15575.575,557.5750000000007
2204.3999999998778,0.8063758845944818,284493.44800000003,15577.435,292.4349999999995
3600.8000000000175,0.8624194623416985,285992.328,15574.92,594.9200000000001
4976.39999999979,0.8252099911582939,286375.624,15575.835,645.8349999999991
4024.799999999843,0.8386814251640087,287253.336,15575.345,563.3449999999993
2542.5999999998603,0.8323861401715135,287549.96,15574.765,357.7649999999994
4188.600000000122,0.7989363987967162,287645.32,15575.565,577.5650000000005
4162.000000000175,0.8253543969245287,287678.68,15574.825,564.8250000000007
2278.3999999997905,0.773876404494436,287808.616,15574.96,256.9599999999991
5090.999999999825,0.8058338243960141,287861.208,15575.3,745.2999999999993
1619.7999999998428,0.8340690208668364,288019.608,15574.845,242.84499999999935
1385.4000000000524,0.9138696405370016,288099.352,15574.135,207.13500000000022
2506.600000000035,0.805343892124782,288306.29600000003,15575.215,348.21500000000015
3755.6000000001222,0.8179917989136019,288333.176,15574.69,515.6900000000005
3995.3999999997905,0.801190118636464,288445.416,15574.335,545.3349999999991
3297.799999999843,0.812518952028655,288707.624,15575.345,483.34499999999935
4982.399999999878,0.813679150610163,288765.336,15574.935,634.9349999999995
1711.6000000002095,0.8854580509463974,289355.272,15575.79,254.79000000000087
2099.6000000001222,0.7611807010858878,289407.768,15575.315,283.3150000000005
3037.4000000001397,0.7838776585237099,290809.912,15576.11,430.1100000000006
1770.0,0.8043785310734464,291130.456,15574.75,245.75
1444.399999999965,0.7396323733038073,291987.528,15575.785,177.78499999999985
3538.1999999999825,0.8102566276637869,292003.992,15575.33,473.3299999999999
1552.4000000000524,0.8129831229064463,292959.416,15576.135,246.13500000000022
4613.399999999878,0.8009710842329031,293302.088,15575.56,649.5599999999995
4016.0000000001746,0.8194098605577415,294728.168,15574.95,511.9500000000007
2540.3999999998778,0.8022161864273638,294887.224,15575.31,333.3099999999995
2816.6000000001222,0.7601984662358624,295426.36,15576.315,336.3150000000005
2759.199999999808,0.8831273557553398,296668.824,15576.505,428.5049999999992
883.9999999999127,0.8349830316742721,297229.176,15576.025,104.02499999999964
1542.800000000192,0.8540640394087841,299776.76,15575.37,217.3700000000008
2518.20000000007,0.79549876896194,299873.224,15575.805,353.8050000000003
3909.0,0.7981580966999232,300074.136,15576.0,496.0
2392.399999999965,0.807327370005025,300990.76,15575.41,317.40999999999985
3122.3999999998778,0.8295541890853442,301884.76,15574.56,476.5599999999995
1933.399999999965,0.8179631736836774,303536.904,15575.41,304.40999999999985
4348.59999999986,0.7921055052200903,303854.68,15577.39,599.3899999999994
872.1999999998079,0.754528777803381,305189.0,15575.38,93.3799999999992
644.6000000001222,0.948146137139167,305301.72000000003,15575.315,95.31500000000051
3721.79999999993,0.7708031060239778,305720.792,15576.195,433.1949999999997
3462.0,0.8350303292894281,305737.64,15575.375,494.375
3371.800000000192,0.8605640903967824,305996.424,15575.37,529.3700000000008
2100.3999999997905,0.7473338411731657,306101.096,15576.46,271.4599999999991
3223.3999999998778,0.8141481044859703,306634.136,15576.185,414.1849999999995
1880.3999999998778,0.8271245479685589,306778.712,15576.185,228.1849999999995
4421.59999999986,0.8099274018455055,307133.944,15575.515,569.5149999999994
2595.800000000192,0.791962015563558,308113.608,15575.995,369.9950000000008
3767.199999999808,0.8189039605012002,308211.944,15575.755,507.7549999999992
2112.3999999997905,0.8615555765954087,308563.752,15575.71,298.7099999999991
2699.9999999999127,0.7684259259259447,309607.752,15576.15,335.14999999999964
2204.3999999997905,0.8585442750862551,309648.968,15574.835,314.8349999999991
1231.800000000192,0.919812469556632,310118.264,15576.245,196.2450000000008
2862.6000000001222,0.8364511283448336,311054.088,15575.565,405.5650000000005
2150.6000000002095,0.8877406305216466,311120.44,15574.915,370.9150000000009
23373.999999999825,0.8288001625738047,311546.60000000003,15575.675,3154.6749999999993
3540.5999999998603,0.7856507371632163,311625.416,15577.015,516.0149999999994
3448.1999999999825,0.7962777681109016,311667.016,15576.705,524.7049999999999
3263.6000000001222,0.7861870327245761,312052.264,15576.44,408.4400000000005
3981.20000000007,0.7730960514417661,312722.216,15575.93,543.9300000000003
3002.6000000001222,0.8039449144074884,312793.08,15576.065,421.0650000000005
1083.4000000001397,0.7741369761860052,313232.184,15575.86,153.86000000000058
3442.1999999999825,0.8422593109058194,313511.608,15576.205,507.2049999999999
2370.200000000157,0.8452240317272368,314641.752,15575.03,341.03000000000065
4079.9999999999127,0.7938419117647189,314752.12,15574.775,518.7749999999996
3805.0,0.811892247043364,314917.24,15575.25,524.25
5752.0,0.8114568845618915,315123.256,15575.5,630.5
4182.400000000052,0.8182682192042767,315484.728,15575.385,553.3850000000002
3877.199999999895,0.8478025379139764,315922.36,15574.98,542.9799999999996
774.2000000000698,0.7907840351329861,317435.864,15575.805,106.80500000000029
4108.20000000007,0.804147801957051,318056.952,15576.68,546.6800000000003
3132.79999999993,0.8269439479060409,318279.368,15575.57,446.5699999999997
4310.199999999895,0.814602570646389,318428.44,15575.98,552.9799999999996
3514.800000000192,0.8442585637873773,318770.328,15575.12,467.1200000000008
2827.800000000192,0.7838337223282713,318873.768,15575.745,375.7450000000008
4629.59999999986,0.789522852946277,319019.4,15576.515,640.5149999999994
2806.3999999998778,0.7634603050171288,319190.232,15575.435,399.4349999999995
4637.000000000175,0.8305477679533939,319449.752,15574.45,644.4500000000007
583.9999999999127,0.8465325342466739,320155.64,15575.275,117.27499999999964
4607.79999999993,0.7724456356612789,320182.664,15576.695,588.6949999999997
2466.6000000002095,0.7930146760722748,320252.712,15575.29,348.2900000000009
2543.199999999895,0.834077146901568,320403.016,15574.605,352.60499999999956
1720.4000000001397,0.7713758428272021,320476.2,15575.735,197.73500000000058
1093.0000000000873,0.8809469350411157,320957.24,15575.975,172.97500000000036
926.8000000000175,0.9282207596029208,321354.36,15575.295,143.29500000000007
4202.800000000192,0.8270736175882453,321782.392,15576.245,563.2450000000008
3280.600000000035,0.8045174663171305,322148.088,15576.34,450.34000000000015
1240.800000000192,0.7675693101224118,322477.896,15576.12,136.1200000000008
1534.2000000001572,0.7833724416633466,323363.304,15575.53,225.53000000000065
4581.800000000192,0.807793880134419,324681.752,15576.87,558.8700000000008
1868.0000000001746,0.7588998929335654,325472.02400000003,15576.325,224.32500000000073
1901.6000000001222,0.8593684265880931,325541.192,15576.315,240.3150000000005
2339.6000000002095,0.7860531714822511,325812.808,15576.29,286.2900000000009
3193.4000000001397,0.7822618525709015,326326.712,15575.735,391.7350000000006
2051.200000000157,0.7602135335412977,326483.832,15576.03,248.03000000000065
2320.1999999999825,0.7570899060425869,326833.256,15576.08,303.0799999999999
2798.20000000007,0.7415392037738407,327275.672,15575.555,361.5550000000003
2176.600000000035,0.8214876412753734,327405.784,15575.09,355.09000000000015
4425.79999999993,0.7864453884043657,330333.848,15574.57,598.5699999999997
3823.5999999999476,0.7814101893503586,330653.8,15575.24,519.2399999999998
3775.6000000001222,0.81736677614152,330798.408,15574.69,548.6900000000005
1480.2000000000698,0.8857586812592564,330849.43200000003,15575.18,217.1800000000003
2640.79999999993,0.8390544531960185,331109.912,15576.195,368.1949999999997
1807.600000000035,0.8192077893339113,331461.576,15574.84,282.84000000000015
3651.9999999999127,0.7938458378970572,332381.784,15575.025,422.02499999999964
469.9999999999127,0.8954787234043868,332542.056,15574.775,79.77499999999964
1903.3999999997905,0.7739833981297273,332576.12,15575.96,213.95999999999913
1558.4000000001397,0.8116978952771514,333089.784,15577.11,211.11000000000058
8507.200000000157,0.8076952463795258,334077.96,15575.405,1180.4050000000007
928.7999999999302,0.8229974160207196,334557.928,15575.32,134.3199999999997
4037.800000000192,0.7979654762494137,334737.912,15576.245,566.2450000000008
546.1999999998952,0.6913218601245932,334818.632,15576.48,87.47999999999956
4350.40000000014,0.7621598013975542,335045.43200000003,15575.86,541.8600000000006
1422.8000000001048,0.8190012651110021,335389.592,15575.895,191.89500000000044
797.3999999999651,0.8166541259092325,335519.496,15576.16,110.15999999999985
4405.199999999808,0.8074491510033867,336232.504,15576.755,606.7549999999992
631.0000000001746,0.8799524564181919,336289.304,15575.45,87.45000000000073
3487.600000000035,0.8271590778758968,336492.328,15575.84,489.84000000000015
931.7999999999302,0.8512019746727263,336848.168,15576.07,173.0699999999997
4620.40000000014,0.7964029088390432,337313.496,15575.86,661.8600000000006
1888.8000000000175,0.8034333968657291,337967.512,15575.545,273.5450000000001
963.5999999998603,0.6240141137402044,338192.104,15576.14,118.13999999999942
1661.0000000000873,0.9272275737507136,338581.592,15575.225,251.22500000000036
4275.399999999965,0.809532441408996,338689.576,15575.535,543.5349999999999
1457.0,0.7076183939601922,339494.424,15576.0,168.0
4596.20000000007,0.8155595927070093,340444.792,15576.055,605.0550000000003
1414.600000000035,0.751131061784236,340550.248,15575.59,171.59000000000015
1305.3999999997905,0.8670330933048432,340606.88800000004,15575.085,208.08499999999913
528.0000000001746,0.9670928030300452,340987.44800000003,15575.325,83.32500000000073
3560.6000000001222,0.8047941358197844,340989.8,15575.19,477.1900000000005
1236.0,0.8348503236245954,341894.60000000003,15574.375,174.375
4497.399999999878,0.8232701116200645,342178.088,15575.435,578.4349999999995
1471.9999999998254,0.8618376358696452,342419.016,15574.925,194.92499999999927
999.6000000001222,0.6708183273308733,342600.824,15576.19,126.19000000000051
1712.0000000001746,0.8530227803737639,342941.64,15575.075,237.07500000000073
4178.399999999878,0.8257526804518662,343155.752,15576.185,526.1849999999995
703.9999999999127,0.7981178977273484,343498.792,15574.775,112.77499999999964
1724.7999999998428,0.7180687615955956,343979.8,15575.345,216.34499999999935
3852.20000000007,0.8092388764861524,344661.128,15575.43,521.4300000000003
5354.600000000122,0.81860456429984,345063.944,15575.94,717.9400000000005
3232.200000000157,0.8013814120413042,345297.672,15576.405,396.40500000000065
3431.20000000007,0.8007694101188964,345541.592,15575.68,450.6800000000003
2636.5999999998603,0.8342846848213951,346012.168,15575.015,395.0149999999994
2197.79999999993,0.7787446537446725,346057.288,15575.945,243.9449999999997
3083.1999999999825,0.7990399584846947,347470.328,15575.08,411.0799999999999
751.0000000000873,0.8482023968041842,347765.048,15575.6,106.60000000000036
4156.600000000035,0.8498352018476584,348427.784,15574.965,572.9650000000001
2241.9999999999127,0.8011819803746894,348763.832,15574.65,301.64999999999964
524.3999999999651,0.8742372234935621,348878.456,15575.41,95.40999999999985
1160.9999999998254,0.7545219638243746,349044.456,15574.8,148.79999999999927
4360.199999999895,0.8082427411586773,350351.768,15573.98,548.9799999999996
783.1999999998079,0.6688585291114562,352086.264,15574.13,92.1299999999992
3115.800000000192,0.845697734129236,352472.84,15574.245,416.2450000000008
3039.200000000157,0.845362266385857,352668.568,15575.405,412.40500000000065
2072.800000000192,0.821485430335719,352820.248,15574.995,250.9950000000008
2010.4000000000524,0.7993807202546598,353445.288,15575.135,234.13500000000022
3912.800000000105,0.8163335718666771,354022.44,15576.27,536.2700000000004
5057.800000000105,0.7666426114120644,354390.408,15577.145,592.1450000000004
3063.1999999999825,0.7803440846173969,354587.656,15574.83,409.8299999999999
2984.9999999998254,0.8131072026801036,354658.712,15575.425,381.4249999999993
725.6000000001222,0.816289966923819,354711.928,15574.94,95.94000000000051
2075.4000000001397,0.752421220005744,354926.31200000003,15575.235,279.2350000000006
3948.3999999998778,0.8238970215783805,355030.792,15574.935,574.9349999999995
1385.9999999998254,0.9054834054834959,355276.744,15574.8,234.79999999999927
456.0000000000873,1.0084978070173867,355759.768,15574.975,86.97500000000036
2080.800000000192,0.8243944636677613,355922.88800000004,15576.12,330.1200000000008
2718.9999999998254,0.7877436557558312,356073.896,15576.175,324.1749999999993
4318.8000000000175,0.8084190052792417,356250.12,15575.92,571.9200000000001
1387.2000000001572,0.6968894175316609,356740.792,15576.905,170.90500000000065
1757.7999999998428,0.8403401979747995,360151.656,15576.47,242.46999999999935
5606.399999999965,0.8454088184931547,360567.336,15576.66,861.6599999999999
2855.8000000000175,0.8119528678478847,360843.768,15576.795,380.7950000000001
2868.9999999999127,0.8285116765423688,361130.184,15576.4,410.39999999999964
562.3999999997905,0.6389135846374371,361141.928,15576.585,76.58499999999913
1946.1999999999825,0.8066873908128717,361333.784,15576.955,304.9549999999999
740.0000000001746,0.5876689189188244,361991.096,15577.575,81.57500000000073
3571.800000000192,0.8107676801612297,362418.472,15576.62,472.6200000000008
3398.79999999993,0.834897610921515,362985.672,15576.57,470.5699999999997
1549.600000000035,0.7586151264842411,363482.28,15576.59,208.59000000000015
1175.0000000001746,0.8642553191488356,364054.12,15575.7,185.70000000000073
2784.800000000105,0.8020863257684342,365144.232,15576.77,391.77000000000044
1702.9999999999127,0.8907809747504765,365503.112,15576.4,282.39999999999964
4644.199999999808,0.8122712200163903,366360.632,15576.63,640.6299999999992
946.3999999999651,0.6711749788673044,366406.424,15576.16,94.15999999999985
4342.000000000175,0.7812643942883225,366579.704,15576.45,522.4500000000007
2147.4000000001397,0.8226576324857554,366990.712,15576.235,269.2350000000006
2871.5999999998603,0.7860339183730616,367449.768,15576.515,382.5149999999994
2037.4000000000524,0.7715470697948216,367519.416,15576.51,305.5100000000002
4205.59999999986,0.8090224938177875,368207.128,15575.765,613.7649999999994
3423.9999999999127,0.7713566004673046,368263.512,15577.025,448.02499999999964
2495.199999999808,0.7879528695095044,368466.216,15576.38,296.3799999999992
953.3999999999651,0.899753513740324,368954.776,15576.285,167.28499999999985
2198.6000000002095,0.7770513053760922,370341.944,15576.165,296.1650000000009
908.1999999998952,0.8830378771196574,370509.592,15576.355,146.35499999999956
2543.6000000001222,0.867196100015693,370535.416,15576.44,392.4400000000005
978.8000000000175,0.7113557417245513,370589.304,15576.295,132.29500000000007
3360.1999999999825,0.8047065650854148,371235.56,15575.955,457.9549999999999
3054.9999999998254,0.7927986906710657,373498.87200000003,15575.8,476.7999999999993
3204.5999999998603,0.8462600636585197,373699.064,15575.265,445.2649999999994
2074.799999999843,0.8561789088105384,373842.952,15574.72,287.71999999999935
3485.799999999843,0.7595530437776378,373989.608,15575.97,449.96999999999935
1352.6000000002095,0.7715141209521497,375188.76,15575.79,177.79000000000087
3868.6000000002095,0.8110298299125961,375205.96,15574.79,605.7900000000009
3202.20000000007,0.7683701829991754,375820.328,15576.055,419.0550000000003
1403.5999999999476,0.7311912225705532,375824.04,15575.74,198.73999999999978
4122.600000000122,0.8235518847329166,376034.232,15576.315,567.3150000000005
799.7999999998428,0.7380282570643742,376397.512,15576.095,93.09499999999935
2636.600000000035,0.8075457027990511,376511.064,15575.715,373.71500000000015
3860.199999999808,0.7821744987306654,377646.12,15575.63,487.6299999999992
2484.800000000192,0.8257807469413544,378107.416,15575.62,397.6200000000008
1451.5999999999476,0.804405483604321,378702.936,15575.615,218.61499999999978
1061.0000000000873,0.5347549481620827,379725.992,15575.475,94.47500000000036
4308.600000000122,0.8170693496727297,380847.73600000003,15575.565,605.5650000000005
4782.59999999986,0.8227062685568705,381105.672,15575.015,643.0149999999994
4378.599999999948,0.8271593660074072,381114.568,15576.24,618.2399999999998
725.6000000002095,0.7032800441012843,381205.72000000003,15576.54,106.54000000000087
3986.8000000000175,0.8080478077656239,381465.24,15576.545,579.5450000000001
1431.6000000001222,0.7745180217937471,382596.472,15575.44,183.4400000000005
4166.40000000014,0.8060195852534355,383416.58400000003,15575.36,549.3600000000006
3533.9999999998254,0.8394170911149162,383590.02400000003,15575.3,491.2999999999993
3068.200000000157,0.8093426113030123,384403.46400000004,15576.405,389.40500000000065
1673.1999999999825,0.8608355247430144,385475.704,15575.83,262.8299999999999
3613.799999999843,0.7748837788477758,386535.096,15577.095,445.09499999999935
1192.6000000002095,0.7110934093576139,387797.064,15576.29,145.29000000000087
5151.199999999808,0.8170863099860461,388187.608,15575.755,687.7549999999992
3850.6000000001222,0.8424466316937412,389279.384,15576.065,525.0650000000005
4255.39999999979,0.801381773746329,390342.12,15575.96,543.9599999999991
3934.0000000001746,0.7920691408235624,390689.96,15575.2,529.2000000000007
3857.0000000000873,0.8453137153227749,390739.624,15575.475,535.4750000000004
4632.20000000007,0.8241980052674659,391076.02400000003,15574.93,659.9300000000003
1076.0,0.9998838289962825,391118.056,15575.375,198.375
3093.399999999965,0.8230264433956237,391667.912,15576.91,436.90999999999985
3767.199999999808,0.7844287534508693,392568.184,15575.38,517.3799999999992
1471.399999999965,0.8296180508359539,392917.17600000004,15574.66,190.65999999999985
3882.0000000001746,0.7993946419371183,392965.64,15575.45,481.4500000000007
4178.60000000021,0.8617539367251852,393470.68,15574.665,588.6650000000009
4590.0,0.8010893246187364,394147.624,15576.0,652.0
3657.6000000002095,0.7975311679789677,394410.28,15576.29,509.2900000000009
3589.0,0.8192045137921427,394458.088,15575.625,479.625
675.5999999998603,0.84617377146254,394575.192,15576.015,105.01499999999942
4329.000000000087,0.7851986601986481,394751.336,15576.225,556.2250000000004
976.3999999998778,0.8734381401065996,395009.352,15575.685,132.6849999999995
1757.9999999999127,0.7803612059158429,395905.928,15575.775,235.77499999999964
5259.400000000052,0.835755979769549,396253.704,15575.635,744.6350000000002
1819.7999999999302,0.8411776019343036,398142.232,15575.195,262.1949999999997
3784.0000000000873,0.7660544397462868,398328.376,15576.35,476.35000000000036
4273.800000000105,0.7755451822733722,398486.216,15576.145,507.14500000000044
1711.4000000000524,0.6904873203225276,399249.048,15577.26,175.26000000000022
2052.199999999808,0.8007138680441077,399582.344,15576.005,293.0049999999992
762.8000000000175,0.8397024121656904,400969.4,15575.545,120.54500000000007
2099.199999999808,0.847572884908597,402154.36,15576.005,284.0049999999992
556.6000000001222,0.720984549047673,402173.75200000004,15576.94,77.94000000000051
2868.8000000000175,0.8371618795315074,402582.088,15577.17,385.1700000000001
4065.8000000000175,0.829609179005359,402617.112,15576.045,575.0450000000001
3983.800000000105,0.8210188764496043,403187.944,15576.395,510.39500000000044
4803.000000000087,0.8466583385384016,403267.816,15576.1,696.1000000000004
2606.6000000002095,0.7625546689173174,403864.376,15577.415,309.4150000000009
3346.800000000192,0.8117530178080197,404482.664,15575.995,433.9950000000008
4080.5999999999476,0.8183049061412618,404899.832,15576.115,530.1149999999998
4269.200000000157,0.7550243605359109,406380.984,15576.03,602.0300000000007
3293.6000000001222,0.8578531090599703,406840.824,15576.565,472.5650000000005
2212.79999999993,0.8170756507592389,406868.488,15576.445,307.4449999999997
4656.599999999948,0.8283511574968934,407112.2,15576.74,612.7399999999998
4263.999999999825,0.8105945121951474,408340.2,15575.675,582.6749999999993
1470.399999999965,0.8590859630032803,408355.43200000003,15576.16,212.15999999999985
1507.0000000001746,0.8601526211014483,408420.408,15576.45,202.45000000000073
1555.0,0.7318327974276527,409045.128,15578.0,207.0
722.3999999998778,0.9296442414176228,409350.76,15575.435,117.43499999999949
1736.9999999998254,0.7494242947611388,409365.304,15576.55,230.54999999999927
1423.9999999999127,0.7683462078652041,410457.32,15575.025,171.02499999999964
1333.5999999998603,0.8977017096581428,410482.216,15574.515,236.51499999999942
995.9999999998254,0.7828815261045221,412264.44,15576.55,150.54999999999927
1119.4000000001397,0.9049044130783453,412282.12,15576.11,155.11000000000058
1750.600000000035,0.8543070947103717,412425.064,15576.59,215.59000000000015
3254.9999999998254,0.8306835637481144,412446.232,15577.175,434.1749999999993
4012.3999999997905,0.8153972684677828,412553.14400000003,15577.46,543.4599999999991
3250.200000000157,0.7452156790351093,413120.408,15576.78,405.78000000000065
2164.0000000001746,0.7905499075785095,414096.856,15575.95,319.9500000000007
2044.4000000001397,0.8109714341615696,414442.072,15577.11,307.1100000000006
550.6000000000349,0.9050127134035142,414620.248,15576.34,102.34000000000015
795.3999999998778,0.7456311289917881,415570.664,15575.935,87.93499999999949
1301.3999999997905,0.7777777777778728,415968.072,15575.96,179.95999999999913
665.8000000001921,0.72116251126449,416033.48,15576.87,112.8700000000008
4851.800000000105,0.7871614658477136,416492.088,15576.27,624.2700000000004
1510.600000000035,0.7357506950880318,417110.184,15576.965,187.96500000000015
3260.6000000001222,0.807113721400946,417691.14400000003,15575.815,434.8150000000005
745.6000000002095,0.9300228004289759,417863.8,15576.165,130.16500000000087
1859.1999999998952,0.7726307013769693,417920.29600000003,15575.855,241.85499999999956
1300.0,0.7450961538461538,418870.84,15576.125,157.125
1801.5999999999476,0.8527420071048151,419441.336,15576.74,227.73999999999978
3893.5999999998603,0.7856289808917412,420342.632,15576.265,480.2649999999994
1849.3999999997905,0.7894857791716915,421572.728,15576.335,252.33499999999913
392.9999999999127,1.1043256997457507,422055.24,15575.4,90.39999999999964
3454.20000000007,0.7619275085403161,422355.032,15575.93,427.9300000000003
3967.0,0.7772876228888329,422361.576,15575.5,544.5
3711.199999999895,0.8169123194654198,423957.672,15577.105,490.10499999999956
555.1999999999825,0.6924981988472781,425422.264,15575.455,86.45499999999993
3039.800000000192,0.8121093492992565,425562.344,15576.37,432.3700000000008
2854.5999999999476,0.793605058502078,426026.76,15576.365,369.3649999999998
2530.3999999997905,0.8020273474549987,426424.616,15576.21,372.2099999999991
2162.9999999998254,0.7675104022191869,426534.31200000003,15576.425,264.4249999999993
576.2000000001572,0.8332176327662244,427625.8,15575.78,79.78000000000065
3627.1999999999825,0.8174625055138981,428276.60000000003,15576.58,504.5799999999999
1169.0000000000873,0.6823139435414515,429436.712,15576.725,145.72500000000036
3023.799999999843,0.855223559759278,429468.44,15575.845,435.84499999999935
4556.600000000035,0.8382730544704335,430406.29600000003,15575.215,611.2150000000001
683.6000000002095,0.8925906963134176,431151.976,15575.915,103.91500000000087
748.1999999998952,0.7729885057472085,431703.0,15576.23,104.22999999999956
966.1999999999825,0.6630097288346184,431743.192,15577.08,87.07999999999993
3474.0000000001746,0.8202360391479244,431938.216,15576.7,521.7000000000007
3434.3999999998778,0.8060214302352887,432311.64,15576.56,448.5599999999995
1035.9999999999127,0.7280405405405861,432481.56,15576.65,124.64999999999964
4310.400000000052,0.7767434576837345,432549.384,15576.135,539.1350000000002
3839.4000000000524,0.7966609366046695,433343.75200000004,15576.26,472.2600000000002
745.3999999999651,0.896431446203414,433436.84,15576.16,122.15999999999985
4720.999999999825,0.790033891124784,434872.648,15575.55,624.5499999999993
3055.8000000000175,0.778527717782574,436030.88800000004,15575.045,397.0450000000001
61440.20000000007,0.8077443595561206,436298.376,15575.555,8090.555
3951.800000000192,0.8035958297484391,437419.992,15577.37,502.3700000000008
592.8000000001048,0.9445006747636988,437724.87200000003,15576.02,96.02000000000044
4496.1999999999825,0.8286664294292984,438112.04000000004,15576.33,633.3299999999999
4117.399999999965,0.7737164229853841,438443.208,15576.66,536.6599999999999
3395.199999999808,0.818832469368556,438546.376,15575.38,441.3799999999992
3442.399999999965,0.7838862421566409,439628.488,15575.41,500.40999999999985
1028.199999999808,0.7410766387863318,439734.072,15575.755,143.7549999999992
4064.8000000000175,0.8156059338712824,440668.60000000003,15575.295,533.2950000000001
4212.999999999825,0.8470211250890376,441047.44800000003,15575.3,607.2999999999993
1446.3999999997905,0.8059319690266382,441923.288,15576.46,228.45999999999913
3369.6000000001222,0.8332368827160259,442021.528,15575.815,441.8150000000005
3511.0000000001746,0.811307319851863,442796.76,15575.7,444.7000000000007
3494.4000000000524,0.8319239354395508,443221.72000000003,15575.135,519.1350000000002
873.9999999999127,0.6292906178490144,443737.592,15576.4,94.39999999999964
3352.20000000007,0.8329156971540943,443895.112,15575.18,443.1800000000003
3190.6000000001222,0.8530292108067193,443993.272,15575.815,449.8150000000005
1962.6000000001222,0.8553322123713025,444622.376,15574.815,308.8150000000005
4465.600000000035,0.8225210498029331,445209.304,15575.09,624.0900000000001
2686.6000000002095,0.7724168093500623,446504.696,15575.915,311.9150000000009
3977.4000000000524,0.8146527882536247,446685.368,15575.76,538.7600000000002
3094.1999999999825,0.8406777196044248,447174.744,15575.205,425.2049999999999
4334.0,0.7838601753576373,447871.73600000003,15576.25,558.25
1366.5999999998603,0.7716595931509451,448549.46400000004,15575.39,178.38999999999942
2972.6000000001222,0.7994432483347659,449676.02400000003,15575.565,386.5650000000005
4912.399999999878,0.8095991775914169,449813.832,15575.935,665.9349999999995
4145.600000000122,0.8227819857197806,450193.336,15576.065,510.0650000000005
3078.9999999998254,0.7471175706398498,450274.856,15576.675,365.6749999999993
3274.199999999895,0.8150387881009302,451227.64,15575.48,484.47999999999956
1779.7999999998428,0.7828969547140654,451552.056,15575.72,235.71999999999935
671.4000000001397,0.7079609770627454,452316.984,15575.985,79.98500000000058
2323.9999999999127,0.7818416523236024,452662.04000000004,15575.4,251.39999999999964
4129.599999999948,0.768700358388229,453065.832,15576.365,544.3649999999998
4030.799999999843,0.7639674506301704,453345.0,15575.72,517.7199999999993
2257.200000000157,0.7809897217791542,453816.744,15576.53,323.53000000000065
931.3999999997905,0.869873308997362,453934.968,15575.96,123.95999999999913
4298.20000000007,0.8703294402307832,455132.68,15574.93,593.9300000000003
3923.3999999998778,0.8262157822297186,455193.688,15576.435,534.4349999999995
2058.4000000000524,0.8340580062184056,456213.528,15575.885,281.8850000000002
1467.4000000000524,0.7997648902821098,456303.512,15575.635,213.63500000000022
4378.199999999808,0.8230779772509529,456425.48,15575.88,580.8799999999992
717.0000000001746,0.7241980474196741,456646.232,15576.45,77.45000000000073
2737.600000000035,0.7841905318527101,456734.12,15576.84,342.84000000000015
1605.9999999999127,0.85009339975097,456925.56,15576.65,212.64999999999964
1701.6000000002095,0.8042724494592565,457058.504,15576.79,239.79000000000087
1938.2000000000698,0.8014394799298097,457307.512,15576.43,262.4300000000003
914.3999999999651,0.9852909011373883,457467.75200000004,15575.91,138.90999999999985
1407.0000000000873,0.7112651030561153,457818.808,15577.35,171.35000000000036
1822.5999999999476,0.8246735432898241,458478.568,15576.49,258.4899999999998
3429.3999999997905,0.8494051437569659,458913.48,15575.71,528.7099999999991
916.0,0.7220251091703057,458937.0,15575.875,119.875
4424.399999999965,0.8039395172226791,459734.712,15576.91,590.9099999999999
1868.2000000000698,0.9003184883845147,460318.168,15575.555,301.5550000000003
733.8000000001048,0.7929953665848141,460345.944,15576.02,112.02000000000044
919.1999999999825,0.767352045256756,460540.152,15575.83,113.82999999999993
2095.399999999965,0.8709315643791276,461313.0,15575.91,279.90999999999985
3035.6000000001222,0.7856519304255919,461499.656,15576.065,380.0650000000005
3198.199999999808,0.8220952410731417,461991.496,15575.005,408.0049999999992
2183.4000000001397,0.7809265365942645,462966.32800000004,15576.735,257.7350000000006
4200.79999999993,0.8103575509426879,463790.552,15576.07,590.0699999999997
540.2000000000698,0.8126156978895896,464065.192,15575.555,84.55500000000029
2454.199999999808,0.7807432157118873,464557.928,15575.38,305.3799999999992
3525.9999999999127,0.7758082813386419,464845.304,15574.9,427.89999999999964
1408.0000000000873,0.7385475852272385,465177.44800000003,15574.975,183.97500000000036
3444.8000000000175,0.7910546330701317,465819.352,15575.045,495.0450000000001
2010.3999999997905,0.7359605053721224,466412.392,15575.835,281.8349999999991
4584.400000000052,0.8241972777244496,467324.00800000003,15576.01,642.0100000000002
"../Data/Cs137 channel 0, 1000 events, cuts False"
L [ch],S[ch],T (trigger) [us],baseline,pulse height [bits]
